{
	"credit": "Made with Blockbench",
	"texture_size": [64, 64],
	"textures": {
		"0": "ratatouille:block/folly_plush",
		"particle": "ratatouille:block/folly_plush"
	},
	"elements": [
		{
			"name": "Body",
			"from": [5, 0, 7],
			"to": [11, 6, 12],
			"faces": {
				"north": {"uv": [5, 1.75, 6.5, 3.25], "texture": "#0"},
				"east": {"uv": [6, 5.75, 7.25, 7.25], "texture": "#0"},
				"south": {"uv": [4.5, 5.75, 6, 7.25], "texture": "#0"},
				"west": {"uv": [2, 6.25, 3.25, 7.75], "texture": "#0"},
				"up": {"uv": [8, 3, 6.5, 1.75], "texture": "#0"},
				"down": {"uv": [1.5, 6.75, 0, 8], "texture": "#0"}
			}
		},
		{
			"from": [4.5, 0, 3],
			"to": [7.5, 3, 5],
			"rotation": {"angle": 22.5, "axis": "y", "origin": [6, 0, 7]},
			"faces": {
				"north": {"uv": [6.5, 7.25, 7.25, 8], "texture": "#0"},
				"east": {"uv": [2, 5.5, 2.5, 6.25], "texture": "#0"},
				"south": {"uv": [7.25, 6.5, 8, 7.25], "texture": "#0"},
				"west": {"uv": [1, 8, 1.5, 8.75], "texture": "#0"},
				"up": {"uv": [3.75, 8.5, 3, 8], "texture": "#0"},
				"down": {"uv": [4.5, 8, 3.75, 8.5], "texture": "#0"}
			}
		},
		{
			"from": [5.01, 0.01, 5.01],
			"to": [6.99, 1.99, 6.99],
			"rotation": {"angle": 22.5, "axis": "y", "origin": [6, 0, 7]},
			"faces": {
				"north": {"uv": [8.25, 0, 8.75, 0.5], "texture": "#0"},
				"east": {"uv": [1.5, 8.25, 2, 8.75], "texture": "#0"},
				"south": {"uv": [2, 8.25, 2.5, 8.75], "texture": "#0"},
				"west": {"uv": [5, 8.25, 5.5, 8.75], "texture": "#0"},
				"up": {"uv": [6, 8.75, 5.5, 8.25], "texture": "#0"},
				"down": {"uv": [6.5, 8.25, 6, 8.75], "texture": "#0"}
			}
		},
		{
			"from": [9.01, 0.01, 5.01],
			"to": [10.99, 1.99, 6.99],
			"rotation": {"angle": -22.5, "axis": "y", "origin": [10, 0, 7]},
			"faces": {
				"north": {"uv": [8, 8.25, 8.5, 8.75], "texture": "#0"},
				"east": {"uv": [0, 8.5, 0.5, 9], "texture": "#0"},
				"south": {"uv": [0.5, 8.5, 1, 9], "texture": "#0"},
				"west": {"uv": [8.5, 0.5, 9, 1], "texture": "#0"},
				"up": {"uv": [9, 1.5, 8.5, 1], "texture": "#0"},
				"down": {"uv": [9, 2.75, 8.5, 3.25], "texture": "#0"}
			}
		},
		{
			"from": [8.5, 0, 3],
			"to": [11.5, 3, 5],
			"rotation": {"angle": -22.5, "axis": "y", "origin": [10, 0, 7]},
			"faces": {
				"north": {"uv": [7.25, 7.25, 8, 8], "texture": "#0"},
				"east": {"uv": [4.5, 8, 5, 8.75], "texture": "#0"},
				"south": {"uv": [7.5, 0, 8.25, 0.75], "texture": "#0"},
				"west": {"uv": [8, 5.5, 8.5, 6.25], "texture": "#0"},
				"up": {"uv": [8.75, 6.75, 8, 6.25], "texture": "#0"},
				"down": {"uv": [7.25, 8, 6.5, 8.5], "texture": "#0"}
			}
		},
		{
			"from": [11, 4, 8.5],
			"to": [15, 6, 10.5],
			"rotation": {"angle": -22.5, "axis": "z", "origin": [11, 5, 9.5]},
			"faces": {
				"north": {"uv": [7.5, 0.75, 8.5, 1.25], "texture": "#0"},
				"east": {"uv": [3, 8.5, 3.5, 9], "texture": "#0"},
				"south": {"uv": [7.5, 1.25, 8.5, 1.75], "texture": "#0"},
				"west": {"uv": [8.5, 3.25, 9, 3.75], "texture": "#0"},
				"up": {"uv": [8.5, 3.5, 7.5, 3], "texture": "#0"},
				"down": {"uv": [8.5, 3.5, 7.5, 4], "texture": "#0"}
			}
		},
		{
			"from": [3, 6, 5],
			"to": [13, 15, 13],
			"rotation": {"angle": 0, "axis": "y", "origin": [8, 6, 9]},
			"faces": {
				"north": {"uv": [0, 0, 2.5, 2.25], "texture": "#0"},
				"east": {"uv": [2.5, 4, 4.5, 6.25], "texture": "#0"},
				"south": {"uv": [0, 2.25, 2.5, 4.5], "texture": "#0"},
				"west": {"uv": [0, 4.5, 2, 6.75], "texture": "#0"},
				"up": {"uv": [5, 2, 2.5, 0], "texture": "#0"},
				"down": {"uv": [5, 2, 2.5, 4], "texture": "#0"}
			}
		},
		{
			"from": [1, 4, 8.5],
			"to": [5, 6, 10.5],
			"rotation": {"angle": 22.5, "axis": "z", "origin": [5, 5, 9.5]},
			"faces": {
				"north": {"uv": [1.5, 7.75, 2.5, 8.25], "texture": "#0"},
				"east": {"uv": [3.5, 8.5, 4, 9], "texture": "#0"},
				"south": {"uv": [0, 8, 1, 8.5], "texture": "#0"},
				"west": {"uv": [4, 8.5, 4.5, 9], "texture": "#0"},
				"up": {"uv": [9, 2.25, 8, 1.75], "texture": "#0"},
				"down": {"uv": [9, 2.25, 8, 2.75], "texture": "#0"}
			}
		},
		{
			"name": "ear",
			"from": [12, 7, 7],
			"to": [15, 11, 9],
			"rotation": {"angle": 0, "axis": "y", "origin": [7, 0, 8]},
			"faces": {
				"north": {"uv": [3.25, 6.25, 4, 7.25], "texture": "#0"},
				"east": {"uv": [2, 4.5, 2.5, 5.5], "texture": "#0"},
				"south": {"uv": [5, 7.25, 5.75, 8.25], "texture": "#0"},
				"west": {"uv": [4, 6.25, 4.5, 7.25], "texture": "#0"},
				"up": {"uv": [8.75, 7.25, 8, 6.75], "texture": "#0"},
				"down": {"uv": [8, 8, 7.25, 8.5], "texture": "#0"}
			}
		},
		{
			"name": "ear",
			"from": [1, 7, 7],
			"to": [4, 11, 9],
			"rotation": {"angle": 0, "axis": "y", "origin": [9, 0, 1]},
			"faces": {
				"north": {"uv": [7.25, 5.5, 8, 6.5], "texture": "#0"},
				"east": {"uv": [1.5, 6.75, 2, 7.75], "texture": "#0"},
				"south": {"uv": [5.75, 7.25, 6.5, 8.25], "texture": "#0"},
				"west": {"uv": [2.5, 7.75, 3, 8.75], "texture": "#0"},
				"up": {"uv": [8.75, 7.75, 8, 7.25], "texture": "#0"},
				"down": {"uv": [8.75, 7.75, 8, 8.25], "texture": "#0"}
			}
		},
		{
			"from": [3, 15, 5],
			"to": [13, 18, 12],
			"rotation": {"angle": 22.5, "axis": "x", "origin": [8, 15, 5]},
			"faces": {
				"north": {"uv": [5, 3.25, 7.5, 4], "texture": "#0"},
				"east": {"uv": [7, 4.75, 8.75, 5.5], "texture": "#0"},
				"south": {"uv": [7, 4, 9.5, 4.75], "texture": "#0"},
				"west": {"uv": [3.25, 7.25, 5, 8], "texture": "#0"},
				"up": {"uv": [7, 5.75, 4.5, 4], "texture": "#0"},
				"down": {"uv": [7.5, 0, 5, 1.75], "texture": "#0"}
			}
		}
	],
	"display": {
		"thirdperson_righthand": {
			"rotation": [75, 45, 0],
			"translation": [0, 2.5, 0],
			"scale": [0.375, 0.375, 0.375]
		},
		"thirdperson_lefthand": {
			"rotation": [75, 45, 0],
			"translation": [0, 2.5, 0],
			"scale": [0.375, 0.375, 0.375]
		},
		"firstperson_righthand": {
			"rotation": [10, 25, 0],
			"scale": [0.7, 0.7, 0.7]
		},
		"firstperson_lefthand": {
			"rotation": [10, 25, 0],
			"scale": [0.7, 0.7, 0.7]
		},
		"ground": {
			"translation": [0, 4.75, 0]
		},
		"gui": {
			"rotation": [20, 145, 0],
			"scale": [0.8, 0.8, 1]
		},
		"head": {
			"translation": [0, 14.5, -0.75]
		},
		"fixed": {
			"translation": [0, 0, -1.25],
			"scale": [1.31, 1.31, 1.31]
		}
	},
	"groups": [
		{
			"name": "group",
			"origin": [5.7, 9.7, 12.5],
			"color": 0,
			"children": [0, 1, 2, 3, 4, 5, 6, 7, 8, 9, 10]
		}
	]
}